title,year,description,duration_min,poster,genre,country
Жена,2017,За каждым великим писателем стоит талантливая женщина. Выдающаяся роль Гленн Клоуз в драме о тайнах брака,99,https://avatars.mds.yandex.net/get-kinopoisk-image/1773646/58f96974-75f6-481e-98d0-ba8cdf3fbc60/x1000,драма,"Великобритания, Швеция, США"
Пираты Карибского моря: Сундук мертвеца,2006,Джек Воробей и друзья выступают против морских гадов с «Летучего голландца». Вторая часть пиратской киносаги,151,https://avatars.mds.yandex.net/get-kinopoisk-image/1599028/2f896b6f-397e-40ef-ae19-e9cb0b2d9675/x1000,"фэнтези, боевик, приключения",США
Жизнь этого парня,1993,Бунтующий подросток противостоит отчиму-тирану. Мучительная драма с выдающейся ролью юного Леонардо ДиКаприо,115,https://avatars.mds.yandex.net/get-kinopoisk-image/1600647/243ffd06-256e-45b1-ba43-8c208ab47472/x1000,"драма, биография",США
Ученик лекаря,1983,"Юноша хочет стать великим врачом, чтобы исцелить мать возлюбленной. Музыкальная фантазия по болгарской сказке",70,https://avatars.mds.yandex.net/get-kinopoisk-image/1777765/b4558f0b-792a-4f8b-8bb4-5afdb5e4d802/x1000,"комедия, семейный, история",СССР
Убить Билла,2003,Наемная убийца жестоко мстит бывшим подельникам. Жестокий боевик Квентина Тарантино — с анимацией и отсылками,111,https://avatars.mds.yandex.net/get-kinopoisk-image/1599028/c28ed8ad-54b7-4781-8f42-002d26b39b7f/x1000,"боевик, триллер, криминал","США, Япония"
Любовь по правилам и без,2003,Пожилой ловелас неожиданно для себя влюбляется в мать юной подруги. Комедия положений с блестящими актерами,128,https://avatars.mds.yandex.net/get-kinopoisk-image/1898899/094969f8-8686-44c8-b497-836d7fca307a/x1000,"драма, мелодрама, комедия",США
Воин,2011,"Братья, бойцы смешанных единоборств, встречаются на одном ринге. Том Харди в спортивной драме о семейных обидах",140,https://avatars.mds.yandex.net/get-kinopoisk-image/1599028/ae52ff2c-c065-415d-8554-15904681707a/x1000,"драма, спорт",США
Руками,2022,"Представители рабочих профессий делятся секретами ремесла. Док, снятый режиссерами из разных уголков России",68,https://avatars.mds.yandex.net/get-kinopoisk-image/6201401/bed369e0-17e9-48b3-84b5-ab8d1a65626c/x1000,документальный,Россия
Токийский процесс: правосудие с акцентом,2016,"Резня в Нанкине, Перл-Харбор, Батаанский марш смерти. Закулисье суда над военными преступниками Японии",44,https://avatars.mds.yandex.net/get-kinopoisk-image/1946459/976ec180-f065-4336-a59c-50579198ac32/x1000,"документальный, история",Россия
Торпедоносцы,1983,Будни советских летчиков в заполярном гарнизоне. Правдивая военная драма по неоконченной повести Юрия Германа,96,https://avatars.mds.yandex.net/get-kinopoisk-image/1898899/e4eda735-3d3e-4ab9-8b0e-9feea8fb204b/x1000,"драма, военный",СССР
Пророк,2009,"Юноша учится выживать по законам криминального мира. Тюремная драма Жака Одиара, получившая приз жюри в Каннах",149,https://avatars.mds.yandex.net/get-kinopoisk-image/1900788/4a056f31-509c-4d4c-af73-9b078aeb892d/x1000,"криминал, драма","Франция, Италия"
Пианистка,2001,Студенту узнает шокирующую правду о своей преподавательнице. Невероятная Изабель Юппер в драме Михаэля Ханеке,131,https://avatars.mds.yandex.net/get-kinopoisk-image/1704946/6c1a8e0f-a084-4566-a1b6-b9f52ddc8030/x1000,"драма, музыка","Франция, Австрия, Германия"
Красная пыль,1932,Плантатор увлекается проституткой и замужней дамой одновременно. Мелодрама с Кларком Гейблом и Джин Харлоу,83,https://avatars.mds.yandex.net/get-kinopoisk-image/1900788/66fe82f5-2506-4a2b-9d85-1d210e83f197/x1000,"драма, мелодрама",США
Короткие встречи,1967,Под видом домработницы Надя приходит в дом жены своего возлюбленного. Эмоциональная драма Киры Муратовой,96,https://avatars.mds.yandex.net/get-kinopoisk-image/1704946/b1a7de69-9143-4a5f-bb8a-4e49689a46f6/x1000,драма,СССР
Эйнштейн и Эддингтон,2008,Ученые занимаются наукой на фоне Первой мировой войны. Биографическая драма — гимн величию ума и прогресса,94,https://avatars.mds.yandex.net/get-kinopoisk-image/1946459/7762f42d-a4d9-4ba1-8eaf-3630affdcdc9/x1000,"драма, биография, история","Великобритания, США"
Шаг вперед 3D,2010,Герои готовятся к важному хореографическому баттлу. Третья часть главной танцевальной франшизы современности,101,https://avatars.mds.yandex.net/get-kinopoisk-image/4774061/eeb77fb7-4af5-417e-a1ee-2a47dd2896b2/x1000,"драма, мелодрама, музыка",США
Каин XVIII,1963,Влюбленный бродяга препятствует браку принцессы с тираном. Сатирическая притча по пьесе Евгения Шварца,94,https://avatars.mds.yandex.net/get-kinopoisk-image/1898899/8b85a09a-36d4-46d7-84d7-3cf04992be2c/x1000,"фэнтези, мелодрама, приключения",СССР
Я — начало,2014,"Ученый пытается понять, правда ли, что глаза — зеркало души. Недооцененный сай-фай с привкусом любовной драмы",108,https://avatars.mds.yandex.net/get-kinopoisk-image/1946459/eecd7e3e-e446-4ced-a43e-5986a8a174e2/x1000,"фантастика, драма, мелодрама, детектив",США
Осеннее солнце,1977,"Женщина, посвятившая жизнь семье, пытается понять, счастлива ли она. Экранизация повести Гранта Матевосяна",83,https://avatars.mds.yandex.net/get-kinopoisk-image/1777765/25534e91-d98f-4235-b43f-52420a0c09b0/x1000,драма,СССР
Мне бы в небо,2009,"Райан виртуозно увольняет людей, но не умеет строить с ними отношения. Джордж Клуни в драмеди об одиночестве",109,https://avatars.mds.yandex.net/get-kinopoisk-image/6201401/73057d0b-d154-4692-8334-a6cf79fb4faf/x1000,"драма, мелодрама, комедия",США
Кудряшка Сью,1991,Живущие на улице аферист и девочка-сирота ищут дом. Добрая комедия от режиссера «Клуба «Завтрак»,101,https://avatars.mds.yandex.net/get-kinopoisk-image/4486454/fbee7a4a-4aa7-470b-870b-7cc2f97341ea/x1000,"комедия, семейный, мелодрама, драма",США
Творение Господне,2004,Опытный хирург и темнокожий лаборант совершают революцию в медицине. Антирасистская драма с Аланом Рикманом,110,https://avatars.mds.yandex.net/get-kinopoisk-image/1704946/2190476c-edcd-4b6e-bd84-c3077db91d39/x1000,"драма, биография",США
Женская собственность,1998,Абитуриент полюбил экзаменатора — смертельно больную актрису. Щемящая драма с молодым Константином Хабенским,89,https://avatars.mds.yandex.net/get-kinopoisk-image/1704946/a1f3db23-523d-4630-9448-b82eb3be4cd6/x1000,"драма, мелодрама",Россия
Криминальный город 2,2022,Команда полицейских расследует исчезновение туристов во Вьетнаме. Сиквел корейского остросюжетного хита,106,https://avatars.mds.yandex.net/get-kinopoisk-image/4303601/bb75c7c5-e9fc-4ca9-bcba-51279f0e1387/x1000,"криминал, боевик, триллер, детектив",Корея Южная
Лемони Сникет: 33 несчастья,2004,Злобный граф охотится за наследством детей-сирот. Смешные и жуткие приключения с Джимом Керри и Мэрил Стрип,108,https://avatars.mds.yandex.net/get-kinopoisk-image/1946459/8fdfafdd-215f-443e-9995-5b9bcd6f89c4/x1000,"фэнтези, комедия, приключения, семейный","США, Германия"
Скрытые фигуры,2016,Темнокожие подруги-ученые помогают отправить астронавта в космос. Вдохновляющая драма по реальным событиям,127,https://avatars.mds.yandex.net/get-kinopoisk-image/1599028/4f60f182-f69d-4e7e-b00b-63ce014cae5f/x1000,"драма, биография, история",США
Несколько дней из жизни И.И. Обломова,1979,"Помещик проводит жизнь на диване, рефлексируя о вечном. Бенефис Олега Табакова в экранизации вечной классики",143,https://avatars.mds.yandex.net/get-kinopoisk-image/1600647/62f1bd74-0e94-4988-9801-4a957e5d6e99/x1000,"драма, мелодрама, комедия, история",СССР
Американские граффити,1973,"Вчерашние школьники провожают лето. Зарисовка Джорджа Лукаса о молодежи 1960-х, два «Золотых глобуса»",110,https://avatars.mds.yandex.net/get-kinopoisk-image/4303601/03dff12d-b145-43b9-86ed-43571d0e6841/x1000,"драма, комедия",США
Разомкнутые объятия,2009,Незрячий режиссер вспоминает трагичный роман с актрисой. Триллер Педро Альмодовара о кино и страсти,135,https://avatars.mds.yandex.net/get-kinopoisk-image/1599028/4be8a18d-9ec4-48b9-880a-368fa296ba3b/x1000,"триллер, драма, мелодрама",Испания
Отрочество,2014,"Хроника взросления американского мальчика. Драма Ричарда Линклейтера, которую он снимал в течение 12 лет",166,https://avatars.mds.yandex.net/get-kinopoisk-image/1946459/03b58d0d-accf-4bcb-bfe7-613340d0ce07/x1000,драма,США
Тайная жизнь пчёл,2008,"Девочка, случайно убившая свою мать, растет в чужой семье. Трогательная экранизация романа об Америке 1960-х",114,https://avatars.mds.yandex.net/get-kinopoisk-image/4486454/36174c45-0d14-4abb-a83f-1c310e2c1506/x1000,драма,США
Чёрная книга,2006,Рахиль бежит из нацистской Германии и мстит врагам. Шпионский триллер Пола Верховена о выживании любой ценой,145,https://avatars.mds.yandex.net/get-kinopoisk-image/1599028/16a4d2dc-847d-4654-ba61-92fd6cf585b2/x1000,"триллер, драма, военный","Нидерланды, Германия, Великобритания, Бельгия"
Шоу Трумана,1998,"Благополучный страховой агент обнаруживает, что он — герой реалити-шоу. Джим Керри в пророческой антиутопии",103,https://avatars.mds.yandex.net/get-kinopoisk-image/4483445/ceb4574e-4b3b-43bf-a217-770d95c8afea/x1000,"драма, комедия",США
Смерч,1996,Метеорологи направляются в сердце шторма ради науки. Фильм-катастрофа с великолепными спецэффектами,108,https://avatars.mds.yandex.net/get-kinopoisk-image/1777765/fed9dbd0-d598-46c0-9359-ed59f8e537da/x1000,"боевик, триллер, приключения",США
Перелом,2007,Коварный преступник манипулирует молодым прокурором. Детективный поединок Энтони Хопкинса с Райаном Гослингом,108,https://avatars.mds.yandex.net/get-kinopoisk-image/1898899/c8e3a649-48c1-4610-8ed3-ee32797d5b3c/x1000,"триллер, драма, криминал","Германия, США"
"Тайны дворцовых переворотов. Россия, век XVIII. Фильм 1. Завещание императора",2000,После смерти Петра I придворные вступают в борьбу за власть. Драма с Сергеем Шакуровым в роли князя Меншикова,80,https://avatars.mds.yandex.net/get-kinopoisk-image/10893610/dc5f2c7e-b8b9-4369-a53a-5ab96f51a000/x1000,"драма, история",Россия
Октябрь,1927,Большевики сражаются за власть в революционном Петрограде. Художественная реконструкция Сергея Эйзенштейна,142,https://avatars.mds.yandex.net/get-kinopoisk-image/1777765/6b0ed9f1-763c-4fdb-b42f-3c386afb31e6/x1000,"драма, история",СССР
Метрополис,1927,Доведенные до отчаяния рабочие восстают против праздной элиты. Эпичная футуристическая антиутопия Фрица Ланга,145,https://avatars.mds.yandex.net/get-kinopoisk-image/4774061/e5aeb235-206a-4844-9a4a-c7e3b342bd30/x1000,"фантастика, триллер, драма",Германия
Операция «Ы» и другие приключения Шурика,1965,Похождения хронически оптимистичного очкарика. Блистательная комедия Леонида Гайдая,95,https://avatars.mds.yandex.net/get-kinopoisk-image/4774061/ccd69a69-7405-4b41-89a8-60dd6dc2a3ee/x1000,"комедия, мелодрама, криминал",СССР
Пацаны,1983,История жизни трудных подростков в спортивном лагере. Душераздирающая социальная драма Динары Асановой,96,https://avatars.mds.yandex.net/get-kinopoisk-image/1629390/a65c1815-a3bb-45c9-941f-e1777cab4129/x1000,"драма, криминал",СССР
Кубрик о Кубрике,2020,Стэнли Кубрик рассуждает о творческом процессе. Док на основе уникальных интервью кинокритика Мишеля Симана,73,https://avatars.mds.yandex.net/get-kinopoisk-image/4774061/729b2ddf-ca14-4f30-9396-cc1c43fce272/x1000,"документальный, биография","Франция, Польша"
Луной был полон сад,2000,"Пожилая замужняя женщина встречает первую любовь. Тонкая мелодрама с Зинаидой Шарко, отмеченная призами ММКФ",105,https://avatars.mds.yandex.net/get-kinopoisk-image/1599028/0be0fe35-306f-45b9-9890-76758785708b/x1000,мелодрама,Россия
Дурная кровь,1986,"Шулер Алекс идет на рискованную кражу, но влюбляется в девушку подельника. Футуристичная драма Леоса Каракса",125,https://avatars.mds.yandex.net/get-kinopoisk-image/9784475/8159e7a8-14f1-4500-a7a0-4379ac7661e1/x1000,"драма, мелодрама, криминал","Швейцария, Франция"
Земляничная поляна,1957,Пожилой профессор путешествует по своим воспоминаниям. Один из любимейших фильмов Тарковского,91,https://avatars.mds.yandex.net/get-kinopoisk-image/9784475/a740a845-db2b-461d-9a52-60559a481bf5/x1000,драма,Швеция
Собака на сене,1977,Своенравная графиня влюбляется в секретаря. Один из лучших комедийных мюзиклов Яна Фрида по пьесе Лопе де Веги,138,https://avatars.mds.yandex.net/get-kinopoisk-image/1704946/9470d769-75b9-4dc8-a466-08d3d5b32c1f/x1000,"мюзикл, комедия",СССР
История дельфина,2011,Сойер спасает дельфина из сетей краболовов: теперь ему нужен новый хвост. Дельфиниха Уинтер в роли самой себя,113,https://avatars.mds.yandex.net/get-kinopoisk-image/4774061/25742f40-234a-43d5-9005-76138775dda6/x1000,"драма, семейный","Канада, США"
"Доктор Стрейнджлав, или Как я научился не волноваться и полюбил атомную бомбу",1963,Из-за безумного генерала США и СССР оказываются на грани ядерной войны. Абсурдистская комедия Стэнли Кубрика,95,https://avatars.mds.yandex.net/get-kinopoisk-image/6201401/500c65bf-b631-44c5-b218-40d6ce5240be/x1000,"комедия, фантастика, триллер","Великобритания, США"
Девятые врата,1999,"Эксперт по редким книгам должен оценить фолиант, связанный с дьяволом. Триллер Романа Полански с Джонни Деппом",133,https://avatars.mds.yandex.net/get-kinopoisk-image/4774061/f80f5a3f-4898-4d7d-9636-e260549f07df/x1000,"триллер, детектив, фэнтези","Франция, Испания, США"
Танцовщик,2016,Как вундеркинд из Херсона покорил планету. Откровенный портрет Сергея Полунина — бунтаря от мира балета,85,https://avatars.mds.yandex.net/get-kinopoisk-image/1599028/4c9e8d8f-bf29-400b-9ec1-9a70e8b4647c/x1000,"документальный, биография","Великобритания, США"
Небеса обетованные,1991,Бездомные выживают на свалке в годы перестройки. Трагикомедия Эльдара Рязанова с суперзвездами советского кино,125,https://avatars.mds.yandex.net/get-kinopoisk-image/6201401/b7fc7d5e-7ac5-493f-8b23-d4af44b27b51/x1000,"драма, комедия, фэнтези",СССР
Каникулы off-line,2018,Трое друзей решают устроить в селе лагерь для городских детей. Колоритная комедия про цифровое поколение,90,https://avatars.mds.yandex.net/get-kinopoisk-image/1704946/e2267af1-b6cd-4f19-b68b-238368e3b5b4/x1000,"комедия, семейный",Казахстан
Рокко и его братья,1960,Провинциалы строят жизнь в большом городе и соперничают за девушку. Драма Лукино Висконти с Аленом Делоном,179,https://avatars.mds.yandex.net/get-kinopoisk-image/4303601/3f8f9e83-0dfd-4d9c-8fc4-674d4ad49ecb/x1000,"драма, криминал, спорт","Италия, Франция"
Месть и закон,1975,С помощью бывших заключенных полицейский охотится за кровавым убийцей. Индийский ремейк «Великолепной семерки»,204,https://avatars.mds.yandex.net/get-kinopoisk-image/9784475/4e1127df-5991-4170-99db-cd61f4ffdf1b/x1000,"мюзикл, боевик, триллер, драма, комедия, приключения, вестерн",Индия
Умник,2018,Футбольный тренер берет на себя заботу о гениальном племяннике. Теплое драмеди о переоценке ценностей,99,https://avatars.mds.yandex.net/get-kinopoisk-image/1898899/5a9af4af-fbff-48b2-87e4-b26724a87010/x1000,"драма, комедия",Франция
Мирный воин,2006,Духовное развитие помогает травмированному гимнасту вернуться в спорт. Мелодрама по мотивам реальной истории,120,https://avatars.mds.yandex.net/get-kinopoisk-image/1900788/b98b8ced-c956-40be-aaf1-9e349181cf0e/x1000,"драма, мелодрама, спорт, биография","США, Германия"
О чём говорят мужчины,2010,"Четверо друзей болтают о женщинах, карьере и культуре по дороге на концерт. Роуд-муви по пьесе «Квартета И»",93,https://avatars.mds.yandex.net/get-kinopoisk-image/1599028/414abc8f-d0dc-432e-a991-19c39af8301d/x1000,комедия,Россия
Змеи. Тайны самых смертоносных созданий на земле,2014,Подробности жизни ядовитых существ с безопасного расстояния. Док о повадках и среде обитания пресмыкающихся,50,https://avatars.mds.yandex.net/get-kinopoisk-image/4774061/3ed21935-54f7-4044-9a54-c026f87f92c7/x1000,документальный,Корея Южная
Презумпция виновности,2011,"Невиновный семьянин обвинен в педофилии. Драма о реальной судебной ошибке, потрясшей современную Францию",102,https://avatars.mds.yandex.net/get-kinopoisk-image/1629390/b15aa4ae-7b5e-4d17-aadb-6e52fe900951/x1000,"драма, криминал, биография","Франция, Бельгия"
Я остаюсь,2006,Врач-скептик застревает между тем и этим светом. Светлое драмеди о переосмыслении жизни с Андреем Краско,112,https://avatars.mds.yandex.net/get-kinopoisk-image/1704946/6f9c27d3-ea67-4ae8-be08-8f292d138435/x1000,"драма, комедия, фантастика",Россия
Восстание планеты обезьян,2011,Поумневшие благодаря вирусу обезьяны начинают революцию. Первое появление Энди Серкиса в роли их вожака Цезаря,105,https://avatars.mds.yandex.net/get-kinopoisk-image/1900788/e03320a4-3099-4ad1-88d1-1e689b658eb8/x1000,"фантастика, боевик, триллер, драма",США
И просто так... Документальный фильм,2022,"Актрисы, сценаристы и костюмеры — о съемках резонансного шоу. Трогательная дань уважения культовым героиням",70,https://avatars.mds.yandex.net/get-kinopoisk-image/6201401/bd99b35d-b1d2-4622-8e00-aada9fae0063/x1000,документальный,США
На гребне волны,1991,"Агент ФБР внедряется в банду серфингистов-грабителей. Боевик с молодым Киану Ривзом, наполненный духом свободы",117,https://avatars.mds.yandex.net/get-kinopoisk-image/4303601/3283195b-ba13-46cb-b24c-6ff38bf4b5fe/x1000,"боевик, триллер, криминал","Япония, США"
Еще раз про любовь,1967,Физик-ядерщик увлекается обаятельной стюардессой. Знаковая драма времен оттепели с Татьяной Дорониной,96,https://avatars.mds.yandex.net/get-kinopoisk-image/4716873/873d7033-de36-4c2b-b86f-2e9ed93faf69/x1000,"драма, мелодрама",СССР
Октябрьское небо,1999,Подросток из американской глубинки решил построить космическую ракету. Вдохновляющий байопик о дружбе и мечте,108,https://avatars.mds.yandex.net/get-kinopoisk-image/1777765/050e514c-a0a3-4051-9421-3ca1e5d33cf6/x1000,"драма, семейный, биография",США
Форрест Гамп,1994,Полувековая история США глазами чудака из Алабамы. Абсолютная классика Роберта Земекиса с Томом Хэнксом,142,https://avatars.mds.yandex.net/get-kinopoisk-image/1599028/3560b757-9b95-45ec-af8c-623972370f9d/x1000,"драма, комедия, мелодрама, история, военный",США
Они тоже мечтали: Истории дагестанских женщин,2019,Жительницы горного Дагестана ведут хозяйство в суровых условиях. Док о самобытных традициях древнего народа,68,https://avatars.mds.yandex.net/get-kinopoisk-image/1898899/dac4537b-5844-4761-974c-6ca12415f801/x1000,документальный,Россия
Двенадцать друзей Оушена,2004,Ради спасения от мафиози банда друзей планирует ограбления в Европе. Продолжение хита со звездным составом,120,https://avatars.mds.yandex.net/get-kinopoisk-image/4303601/f11116f7-571e-41e4-9531-60e5ec0a3e80/x1000,"триллер, криминал",США
Люди Икс: Дни минувшего будущего,2014,"Мутанты встречаются вновь, чтобы изменить ход времени. Возрождение франшизы в атмосфере рок-н-ролльных 1970-х",131,https://avatars.mds.yandex.net/get-kinopoisk-image/4774061/de7da935-0a1d-42fb-8e92-988a9d9d8788/x1000,"фантастика, боевик, триллер, приключения","Великобритания, США"
Меняющие реальность,2011,"Политик влюбляется в балерину, но их судьбы в руках загадочных агентов. Фантастика по рассказу Филипа Дика",105,https://avatars.mds.yandex.net/get-kinopoisk-image/1773646/c7f5ad63-5ce9-4d65-b1b4-020abd45668d/x1000,"фантастика, триллер, мелодрама",США
Ребекка,1940,Призрак умершей жены аристократа не дает покоя его новой пассии. Шедевр Альфреда Хичкока с двумя «Оскарами»,130,https://avatars.mds.yandex.net/get-kinopoisk-image/1900788/3a325e65-9a2a-4543-97ee-2981e0d29298/x1000,"фильм-нуар, триллер, драма, мелодрама, детектив",США
Проект «Альцгеймер»: Записи потерянной памяти,2009,Как помочь близким с Альцгеймером адаптироваться к жизни. Пронзительный док о разных стадиях течения болезни,48,https://avatars.mds.yandex.net/get-kinopoisk-image/1600647/89cd097c-5281-432f-bda0-f212a6edad42/x1000,документальный,США
Явление,2020,"В Португалии дети уверяют, что видели Богородицу, но власти не готовы это терпеть. Драма по реальной истории",113,https://avatars.mds.yandex.net/get-kinopoisk-image/1946459/c755052f-3880-4e1b-bf80-b0a797939a39/x1000,"драма, военный","США, Португалия"
Аньелли. Жизнь президента,2017,"Глава FIAT, хозяин «Ювентуса», икона стиля. Док про легендарного итальянского бизнесмена",110,https://avatars.mds.yandex.net/get-kinopoisk-image/1629390/06c59ec4-0264-4ca3-9d71-838d119aafbe/x1000,документальный,США
Спасти мистера Бэнкса,2013,Уолт Дисней пытается получить права на экранизацию «Мэри Поппинс». Том Хэнкс в драме о законах киноиндустрии,125,https://avatars.mds.yandex.net/get-kinopoisk-image/4483445/d184817e-dda2-4803-89cf-9bee593a596c/x1000,"драма, биография, история, музыка","Великобритания, Австралия, США"
Мой папа не подарок,2021,Чудаковатый отец Макса встречает строгую маму Венеры. Семейная комедия режиссера «Ёлок» с Тимофеем Трибунцевым,105,https://avatars.mds.yandex.net/get-kinopoisk-image/4483445/e7ded413-8e2f-4e89-befb-5fc62bd1791b/x1000,"комедия, семейный",Россия
Зловещие мертвецы 3: Армия тьмы,1992,"Оказавшись в Средневековье, Эш случайно воскрешает армию мертвецов. Продолжение ужасов с Брюсом Кэмпбеллом",85,https://avatars.mds.yandex.net/get-kinopoisk-image/4303601/eaa22e3a-9601-4c69-8a11-c4eee531d0ef/x1000,"ужасы, фэнтези, боевик, комедия",США
Царство грёз и безумия,2013,Хаяо Миядзаки и Исао Такахата создают свои аниме-шедевры. Инсайдерский документальный фильм о студии Ghibli,118,https://avatars.mds.yandex.net/get-kinopoisk-image/1898899/b6597cc3-bced-4444-9163-4769cb3957f5/x1000,"документальный, биография",Япония
Если бы эти стены могли говорить,1996,Три женщины из разных поколений сталкиваются с проблемой аборта. Шер и Деми Мур в драме о праве на выбор,97,https://avatars.mds.yandex.net/get-kinopoisk-image/1599028/a57c5006-eb59-455e-8d54-604de2b092e0/x1000,"триллер, драма",США
Зип и Зап на острове Капитана,2016,"Братья ищут родителей, пропавших на таинственном острове. Фэнтези в духе «Дома странных детей Мисс Перегрин»",105,https://avatars.mds.yandex.net/get-kinopoisk-image/4774061/fc1acb34-5cd9-4a93-8ce8-34be9e868cc8/x1000,"фантастика, фэнтези, комедия, приключения, семейный",Испания
Любовь с препятствиями,2012,Музыкант-повеса влюбляется в женщину с тремя детьми и ревнивым бывшим мужем. Страстный роман под звуки джаза,109,https://avatars.mds.yandex.net/get-kinopoisk-image/1600647/daf1a928-4249-4e94-aa92-412da8f23739/x1000,"мелодрама, комедия",Франция
Старики-разбойники,1971,"Чтобы не уходить на пенсию, следователь сам становится преступником. Теплая трагикомедия Эльдара Рязанова",92,https://avatars.mds.yandex.net/get-kinopoisk-image/1599028/e6f44d73-c719-4746-80dc-e4f4dddef49e/x1000,"драма, комедия, криминал",СССР
Откровения пирамид,2009,"Сенсационная теория происхождения архитектурного шедевра. Док с фактами, которых нет в школьной программе",106,https://avatars.mds.yandex.net/get-kinopoisk-image/1599028/4772c999-b8c6-46e5-b6f7-226fc1d92627/x1000,"документальный, приключения",Франция
Прерванная жизнь,1999,Сюзанна борется с самой собой и окружающим миром. Биографическая драма Джеймса Мэнголда о потере ориентиров,127,https://avatars.mds.yandex.net/get-kinopoisk-image/1600647/85aa8a1f-c1bd-455d-9153-f79eca2165e6/x1000,"драма, биография","Германия, США"
Лебединое озеро,1968,Отвергнутый принцессой колдун превращает ее в лебедя. Фильм-балет с Махмудом Эсамбаевым в партии злого чародея,78,https://avatars.mds.yandex.net/get-kinopoisk-image/4303601/b5c5f908-2b4d-4c5f-a424-a85d4a0374bf/x1000,музыка,СССР
Лесоустроители,2019,"Документальное путешествие по далеким и красивым лесам России с людьми, посвятившими себя природе",49,https://avatars.mds.yandex.net/get-kinopoisk-image/1599028/96dbf425-56e4-440d-9661-071a2b51c5be/x1000,документальный,Россия
Королевская милость,1995,Придворный ветеринар оказывает монарху необычную услугу. Роберт Дауни мл. в яркой костюмной мелодраме,117,https://avatars.mds.yandex.net/get-kinopoisk-image/1773646/8fdd683b-87fb-46a7-9382-032ded797d48/x1000,"драма, мелодрама, биография, история","США, Великобритания"
Мистер Нокаут,2022,Упрямый тренер и любимая девушка помогают юноше стать чемпионом. Драма о советском боксере Валерии Попенченко,117,https://avatars.mds.yandex.net/get-kinopoisk-image/6201401/643f6e4d-856e-4714-9faa-48a5577c7671/x1000,"спорт, драма",Россия
Предчувствие,2007,"Линде сообщают о смерти мужа, но утром она видит его живым. Сандра Буллок в триллере с интригующей концепцией",96,https://avatars.mds.yandex.net/get-kinopoisk-image/1599028/7488f693-a389-4463-8e84-67be9dbc94ee/x1000,"фэнтези, триллер, драма, детектив",США
Шарада,1963,"После гибели мужа Регина узнает, что он украл крупную сумму денег. Детективная мелодрама с Одри Хепберн",113,https://avatars.mds.yandex.net/get-kinopoisk-image/1777765/a7b4d4fa-5de9-4a8d-8860-cd9c191dd4ef/x1000,"триллер, мелодрама, комедия, детектив",США
Учитель года,2003,Два школьных препода сходятся в схватке за звание лучшего. Драмеди с Райаном Рейнальдсом и Дэвидом Пэймером,111,https://avatars.mds.yandex.net/get-kinopoisk-image/6201401/42867db0-4a36-45fb-89b2-710b835dd036/x1000,"драма, комедия, семейный, спорт","Канада, США"
Любой ценой,2016,"Чтобы погасить кредит в одном банке, братья грабят другие. Вестерн с Джеффом Бриджесом в роли шерифа",102,https://avatars.mds.yandex.net/get-kinopoisk-image/4303601/aad5c70e-7ec3-44ff-ac34-4c3ea6607a21/x1000,"боевик, криминал, триллер, драма",США
Познакомьтесь с Джоном Доу,1941,"Журналистка публикует фальшивый материал, который вызывает резонанс в обществе. Дерзкое драмеди с Гэри Купером",135,https://avatars.mds.yandex.net/get-kinopoisk-image/4774061/606f7466-c496-4123-8a64-fdc92af76621/x1000,"драма, мелодрама, комедия",США
Индиана Джонс: В поисках утраченного ковчега,1981,Ироничный археолог ищет артефакт наперегонки с нацистами. Легендарный приключенческий фильм Стивена Спилберга,115,https://avatars.mds.yandex.net/get-kinopoisk-image/4303601/2b81e7f3-2f2b-490f-988e-c008e4276560/x1000,"приключения, боевик, комедия",США
Мистер Судьба,1990,Недовольный жизнью клерк попадает в мир своих желаний. Джеймс Белуши в комедии о важности точных формулировок,116,https://avatars.mds.yandex.net/get-kinopoisk-image/6201401/47f577f8-9955-4177-9c3d-b01ea61f292e/x1000,"фэнтези, мелодрама, комедия",США
Бум,1980,"Юная Вик переживает первую любовь, пока ее родители пытаются сохранить брак. Оглушительный дебют Софи Марсо",114,https://avatars.mds.yandex.net/get-kinopoisk-image/4483445/8ccbc409-c0fe-451e-833a-6d085cf86487/x1000,"драма, мелодрама, комедия",Франция
Револьвер,2005,"Узнав формулу победы в любой игре, Джейк решает отомстить владельцу казино. Философский экшен-триллер Гая Ричи",111,https://avatars.mds.yandex.net/get-kinopoisk-image/4303601/f5332488-ac63-4b32-b2f4-864da3542bca/x1000,"боевик, триллер, драма, криминал, детектив","Великобритания, Франция"
Спасти рядового Райана,1998,"Отряд ищет солдата, чьи братья были убиты в бою. Драма Стивена Спилберга, вдохновленная реальной историей",169,https://avatars.mds.yandex.net/get-kinopoisk-image/1900788/9ebff88a-fdd1-4a90-b3cf-7fb5bd256ed7/x1000,"военный, боевик, история",США
Эдвард руки-ножницы,1990,"Нежный киборг влюбляется в девушку. Готическая сказка, впервые объединившая Тима Бёртона и Джонни Деппа",105,https://avatars.mds.yandex.net/get-kinopoisk-image/1946459/c2fe24c0-3964-4138-812c-2a55d66f205f/x1000,"фэнтези, драма, мелодрама",США
Ослиная шкура,1982,Принцесса соглашается на участь нищенки ради возлюбленного. Семейное фэнтези по мотивам сказки Шарля Перро,85,https://avatars.mds.yandex.net/get-kinopoisk-image/6201401/d6bc0dba-91b6-40f2-bf32-9ebd2bfb880f/x1000,"фэнтези, мелодрама, комедия, семейный",СССР
Роковая красотка,2006,Содержанка учит влюбленного лакея соблазнять богатую мадам. Прелестный ромком с шармом старого Голливуда,106,https://avatars.mds.yandex.net/get-kinopoisk-image/1946459/033cf502-dc71-42d5-9aaa-0b6f87de623b/x1000,"мелодрама, комедия",Франция
Середина 90-х,2018,Подросток ищет признания в компании уличных скейтбордистов. Ностальгический режиссерский дебют Джоны Хилла,85,https://avatars.mds.yandex.net/get-kinopoisk-image/1946459/26a0ba22-ca36-4f61-8ed4-a99df5daa7ca/x1000,"драма, комедия",США
Чужие дети,1958,Студентка сближается с вдовцом и его детьми. Драма Тенгиза Абуладзе о разрушительной страсти и светлой любви,77,https://avatars.mds.yandex.net/get-kinopoisk-image/6201401/7f55efb2-4cb9-4d4a-b708-0b0f65dcc014/x1000,"драма, мелодрама, семейный",СССР
Долгие проводы,1971,"Мать пытается всеми силами удержать возле себя сына. Драма Киры Муратовой с Зинаидой Шарко, запрещенная в СССР",95,https://avatars.mds.yandex.net/get-kinopoisk-image/1898899/28dcb509-d0a7-45c5-9936-926a06745cdc/x1000,драма,СССР
Разные судьбы,1956,Друзья не могут найти выход из любовного четырехугольника. Советская мелодрама о молодых ленинградцах,107,https://avatars.mds.yandex.net/get-kinopoisk-image/1629390/ce93092e-d16b-48c4-af92-d9b46c7cca81/x1000,"драма, мелодрама",СССР
Убийство,2015,"Красочный боевик о Корее в годы японской оккупации — с заговорщиками и предателями, погонями и перестрелками",139,https://avatars.mds.yandex.net/get-kinopoisk-image/1599028/155b60ac-a7bf-490b-aff7-f6f9723f6994/x1000,"история, триллер, боевик",Корея Южная
Пираты ХХ века,1979,"Судно с медицинским опиумом захватывают разбойники. Боевик, который стал самым кассовым советским фильмом",86,https://avatars.mds.yandex.net/get-kinopoisk-image/1777765/20e55697-563c-4174-b502-6b46bd8e9ae0/x1000,"боевик, триллер, криминал, приключения",СССР
Сабрина,1995,Похорошевшая Сабрина очаровывает сразу двух богатых братьев. Ромком Сидни Поллака с обаятельной Джулией Ормонд,127,https://avatars.mds.yandex.net/get-kinopoisk-image/6201401/79b855bc-288a-4806-9313-279cd6000d5a/x1000,"драма, мелодрама, комедия","Германия, США"
Зайчик,1964,Приговор врачей превращает нерешительного Льва в борца за справедливость. Режиссерский дебют Леонида Быкова,87,https://avatars.mds.yandex.net/get-kinopoisk-image/6201401/25bea3c7-121e-472c-b360-77c6ffa1d710/x1000,комедия,СССР
Неизвестный,2011,"Выйдя из комы, Лиам Нисон пытается вернуть себе украденную жизнь. Мощный детективный триллер о тайнах прошлого",113,https://avatars.mds.yandex.net/get-kinopoisk-image/4486362/27017a27-8e07-4ad1-b761-21c4f29ecf61/x1000,"боевик, триллер, детектив","Великобритания, Германия, Франция, США"
Калашников,2020,Сержант Михаил Калашников изобретает АК-47. История легендарного автомата и его создателя с Юрой Борисовым,104,https://avatars.mds.yandex.net/get-kinopoisk-image/1600647/e57191a7-61b5-4dfe-a50e-2eabb5b4f142/x1000,"биография, история",Россия
Свинцовая оттепель 61-го. Дело валютчиков,2018,Тройной приговор: как дело первых советских миллионеров изменило Уголовный кодекс. Все о черном рынке в СССР,44,https://avatars.mds.yandex.net/get-kinopoisk-image/1600647/cebe11b8-85d9-4b55-b0d3-74de388b4f56/x1000,"документальный, история",Россия
"Почему первые «Сумерки» — это хорошее кино, а остальные не очень",2018,"Живые персонажи, продуманные диалоги и изобретательные спецэффекты. Детальный разбор культовой молодежной саги",20,https://avatars.mds.yandex.net/get-kinopoisk-image/4303601/5db5ed00-50b3-4e23-bd32-19a7130daa5a/x1000,документальный,Россия
"Прощай, детка, прощай",2007,Пропажа ребенка сталкивает детектива с криминальным подпольем Бостона. Режиссерский дебют Бена Аффлека,114,https://avatars.mds.yandex.net/get-kinopoisk-image/1599028/29b0d93b-ea2b-47c0-be93-9a4f650aa055/x1000,"триллер, драма, криминал, детектив",США
Про Красную Шапочку,1977,Девочка идет в гости к бабушке и натыкается на волка. Мюзикл с блистательными шутками и философской идеей,135,https://avatars.mds.yandex.net/get-kinopoisk-image/1777765/2f800183-a468-42e4-95b9-869c1fe929b9/x1000,"мюзикл, фэнтези, детский, приключения, семейный",СССР
Весь мир в глазах твоих,1977,Девушка с инвалидностью вдохновляет легкомысленного парня на поиски себя. Душевная мелодрама о первой любви,64,https://avatars.mds.yandex.net/get-kinopoisk-image/1599028/ed15d544-2023-4496-a877-879e4c01a193/x1000,мелодрама,СССР
Основатель,2016,"Как создавали «Макдоналдс». Крепкий байопик о Рэе Кроке, превратившем маленький ресторан в мировую легенду",115,https://avatars.mds.yandex.net/get-kinopoisk-image/1599028/96b659b6-5b80-4555-aa42-608708d13cce/x1000,"биография, драма","США, Греция"
Один дома 2: Затерянный в Нью-Йорке,1992,Неугомонный малыш Кевин в одиночку покоряет Нью-Йорк. Очередной шедевр от Джона Хьюза и Криса Коламбуса,119,https://avatars.mds.yandex.net/get-kinopoisk-image/1599028/e87b5842-3065-422e-81e8-59a1ffcd9b6a/x1000,"комедия, семейный, приключения",США
Незнакомцы в поезде,1951,Случайные попутчики обсуждают взаимовыгодные убийства. Триллер-нуар — абсолютный шедевр Альфреда Хичкока,101,https://avatars.mds.yandex.net/get-kinopoisk-image/6201401/e7a0be91-ecb6-40c9-bb60-c9b305c16c30/x1000,"фильм-нуар, триллер, драма, криминал",США
"Человек, который изменил всё",2011,Менеджер-визионер пытается сделать из аутсайдеров чемпионов. Спортивная драма по сценарию Аарона Соркина,133,https://avatars.mds.yandex.net/get-kinopoisk-image/1600647/0a8dd3ce-d0ce-493d-9590-37977ae5b833/x1000,"драма, спорт, биография, история",США
Жаворонок,1964,"Советские солдаты сбегают из немецкого плена на танке. Военная драма, номинированная на главный приз в Каннах",86,https://avatars.mds.yandex.net/get-kinopoisk-image/1946459/0c0ea653-b246-4871-b69c-8d46e4e1b578/x1000,"драма, военный",СССР
Мистериум. Журнал 64,2018,"Следы убийства приводят полицейских в клинику, закрытую еще в 1960-х. Сложносочиненный триллер из Дании",113,https://avatars.mds.yandex.net/get-kinopoisk-image/4303601/6724640b-87e0-4662-97be-e4343a0bc392/x1000,"детектив, криминал, триллер","Дания, Германия"
Кинопоиск: Российское кино XXI века,2022,От «Ночного дозора» до «Левиафана». Гид Кинопоиска по кино последних 20 лет,43,https://avatars.mds.yandex.net/get-kinopoisk-image/4486362/92b5b618-6ff9-4948-bf18-cb63c4aa6b1c/x1000,документальный,Россия
Тени забытых предков,1964,Поэтическая история любви украинских Ромео и Джульетты. Визуально впечатляющий шедевр Сергея Параджанова,97,https://avatars.mds.yandex.net/get-kinopoisk-image/1600647/f6dba8e2-f611-494a-af73-042377f25a55/x1000,"драма, мелодрама, музыка",СССР
На пьедестале народной любви,2019,Страна обязана ему громкими победами в большом футболе. Док о взлетах и падениях великого вратаря Льва Яшина,51,https://avatars.mds.yandex.net/get-kinopoisk-image/1946459/9e1515dc-ca57-4ca3-8631-9fba3d5f9853/x1000,документальный,Россия
Смертельное оружие 4,1998,"Копы-напарники садятся на хвост китайской мафии. Редкий пример экшен-франшизы, которая не теряет запала",122,https://avatars.mds.yandex.net/get-kinopoisk-image/1900788/7f5266ce-2fde-4767-9717-7eaa1444a125/x1000,"боевик, триллер, криминал",США
Обещание,2016,Студент и журналист влюбляются в одну девушку. Пронзительная драма на фоне геноцида армян в Турции,133,https://avatars.mds.yandex.net/get-kinopoisk-image/1599028/9e0b27b4-1f49-4905-9fcf-bd6be2d43ca9/x1000,"боевик, драма, приключения, военный","Испания, США"
"Беги, мальчик, беги",2013,Сбежавший из гетто еврейский мальчик притворяется поляком. Драма о торжестве милосердия над ужасами войны,108,https://avatars.mds.yandex.net/get-kinopoisk-image/1599028/3c911d5c-c0c3-4ce1-9c90-fde06da0364c/x1000,"боевик, драма, военный, биография","Германия, Франция, Польша"
Грязные танцы,1987,Девочка из хорошей семьи и bad boy: танец страсти Патрика Суэйзи и Дженнифер Грей в культовой мелодраме о 60-х,100,https://avatars.mds.yandex.net/get-kinopoisk-image/1704946/eebf119a-5d6c-4dc1-827c-a2e19ab006c2/x1000,"драма, мелодрама, музыка",США
Ультиматум Борна,2007,"Борн в бегах ищет правду о себе, пока за ним охотится ЦРУ. Оскароносный триквел с ошеломительным темпом",115,https://avatars.mds.yandex.net/get-kinopoisk-image/1704946/070dda74-7eee-4e12-b73b-ccc4b4a5e928/x1000,"боевик, триллер, детектив","США, Германия, Франция, Испания"
Завтра была война,1987,Каким был последний год мирной жизни советских старшеклассников? Лиричная драма по повести Бориса Васильева,89,https://avatars.mds.yandex.net/get-kinopoisk-image/1946459/d1fd270e-bdd1-438d-aae7-176161bdf974/x1000,драма,СССР
Манчестер у моря,2016,"Депрессивный сантехник против воли становится опекуном племянника. Чуткая драма об утрате, взявшая два «Оскара»",137,https://avatars.mds.yandex.net/get-kinopoisk-image/1946459/a4d0256d-fd9f-44e7-aaa2-d12bac4b50d7/x1000,драма,США
Небесный тихоход,1945,Убежденные холостяки — на территории женской эскадрильи. Духоподъемная комедия 1945-го года о военных летчиках,83,https://avatars.mds.yandex.net/get-kinopoisk-image/1629390/dc30d3a8-33e5-458d-b3c0-cfbcc7ac9f40/x1000,"комедия, военный",СССР
Нюрнберг. Чтобы помнили… Процесс глазами журналистов,2015,"Громкие скандалы Нюрнберга и те, кто освещал их в СМИ. Шокирующие улики и признания соратников Гитлера",44,https://avatars.mds.yandex.net/get-kinopoisk-image/1773646/146c44c7-9515-47b2-a8d3-4696412b6ecf/x1000,"документальный, история",Россия
Эд Вуд,1994,Редкие взлеты и частые падения худшего режиссера всех времен. Джонни Депп в готическом байопике Тима Бёртона,127,https://avatars.mds.yandex.net/get-kinopoisk-image/1898899/6d21f349-5f3f-4300-b030-bef9bc040121/x1000,"драма, комедия, биография",США
Однажды в… Голливуде,2019,"Можно ли переписать историю? Самый ностальгический фильм Тарантино — с Шэрон Тейт, Брюсом Ли и Чарли Мэнсоном",161,https://avatars.mds.yandex.net/get-kinopoisk-image/1599028/70580cf5-3287-42d6-8a76-2c715e2f6172/x1000,"драма, комедия","США, Великобритания, Китай"
Мустафа Шокай,2008,Политик борется за независимость тюрков любыми способами. Байопик о самом неоднозначном казахском деятеле,165,https://avatars.mds.yandex.net/get-kinopoisk-image/10809116/c30b93e9-7f35-483f-95fc-a08ba1b0c459/x1000,"драма, биография, история",Казахстан
Эверест. Достигая невозможного,2013,Пчеловод и его спутник первыми покоряют легендарную вершину. Драма с архивными кадрами экспедиции 1953 года,90,https://avatars.mds.yandex.net/get-kinopoisk-image/1599028/49f3a122-a284-451b-835a-f28ceaacc1b5/x1000,"документальный, драма, история",Новая Зеландия
Чёрный лебедь,2010,Прилежная балерина получает заветную роль и открывает свою темную сторону. Первый «Оскар» Натали Портман,103,https://avatars.mds.yandex.net/get-kinopoisk-image/1946459/5f3bb16f-8e72-4674-a712-24f9f9e04270/x1000,"драма, триллер",США
Обещание на рассвете,2017,Ради матери юноша решает стать гением французской литературы. Пьер Нинэ в драме о судьбе писателя Ромена Гари,131,https://avatars.mds.yandex.net/get-kinopoisk-image/1599028/6311ba05-1a2d-41b4-9323-c4bdb3dd3b4a/x1000,"драма, мелодрама, военный, биография","Франция, Бельгия"
Короткий срок 12,2013,Девушка с непростым прошлым работает с подростками в интернате. Интимная и жизненная инди-драма с Бри Ларсон,96,https://avatars.mds.yandex.net/get-kinopoisk-image/1599028/d83451e8-b043-42b0-b6d9-40ab37b534d4/x1000,драма,США
Когда Гарри встретил Салли,1989,"Они дружат много лет, но упорно ищут счастье с другими. Эталонная романтическая комедия по сценарию Норы Эфрон",95,https://avatars.mds.yandex.net/get-kinopoisk-image/6201401/9340e7cc-9e9b-4b4d-86b8-77980a9b1aa6/x1000,"комедия, мелодрама",США
Обыкновенное сердце,2014,"Нед пытается понять, какая болезнь сражает его друзей. Сильная драма Райана Мёрфи о начале эпидемии СПИДа",132,https://avatars.mds.yandex.net/get-kinopoisk-image/1946459/84921abf-5f7e-4344-bfa1-eec467825d83/x1000,"драма, мелодрама, биография, история",США
Фонтан,2006,Муж смертельно больной женщины ищет спасительное Древо Жизни. Философская драма визионера Даррена Аронофски,97,https://avatars.mds.yandex.net/get-kinopoisk-image/1704946/ba7a7b73-595a-4fac-9bd6-2aa9f2679853/x1000,"фантастика, драма, мелодрама, детектив","США, Канада"
Иваново детство,1962,"Потерявший семью мальчик идет добровольцем в разведку. Дебют Андрея Тарковского о детстве, украденном войной",96,https://avatars.mds.yandex.net/get-kinopoisk-image/1777765/4bec1e85-7b02-45fc-8572-b68d79893e5f/x1000,"драма, военный",СССР
Восток-Запад,1999,"Вернувшись в СССР, Алексей попадает в лапы сталинского режима. Драма Режиса Варнье о патриотизме и реэмиграции",121,https://avatars.mds.yandex.net/get-kinopoisk-image/1704946/2c3293d9-9df6-4205-84dd-0de27f25cf8e/x1000,"драма, мелодрама, приключения, история","Россия, Украина, Болгария, Франция, Испания"
Рождение легенд,2023,"Продюсер-банкрот становится королем музыкальной индустрии в США 1970-х. Байопик Нила Богарта, снятый его сыном",137,https://avatars.mds.yandex.net/get-kinopoisk-image/10592371/57d27566-f8b9-4950-ba5e-43489e3cfcfe/x1000,"биография, музыка, драма",США
Расторгуев,2021,"Фрагменты фильмов, прямая речь, уникальная архивная хроника. Бережный док вдовы бескомпромиссного режиссера",127,https://avatars.mds.yandex.net/get-kinopoisk-image/4774061/0d85238d-e191-4714-86a7-237f3070fe3e/x1000,документальный,Россия
Завещание доктора Мабузе,1933,"Даже попав в лечебницу, гений криминала продолжает творить зло. Вторая часть черно-белого триллера Фрица Ланга",122,https://avatars.mds.yandex.net/get-kinopoisk-image/1629390/81af1fc0-e689-496e-b0b6-7e132d173f4b/x1000,"триллер, криминал, детектив","Германия, Франция"
Если только,2003,"После гибели любимой Иэн получает шанс прожить с ней жизнь заново. Мелодрама об умении хранить то, что имеем",92,https://avatars.mds.yandex.net/get-kinopoisk-image/4483445/2ba0977b-4ea2-4a4d-b197-e2446ab83744/x1000,"фэнтези, драма, мелодрама, комедия","США, Великобритания"
Изгой-один: Звёздные войны. Истории,2016,"Повстанцы узнали, что Дарт Вейдер строит Звезду смерти. Феерический экшен-спин-офф космической саги о джедаях",133,https://avatars.mds.yandex.net/get-kinopoisk-image/1898899/a371e3f1-269e-4258-ad9e-accdcd857a67/x1000,"фантастика, боевик, приключения",США
Последнее слово,2016,"Пожилая стерва хочет исправить ошибки молодости. Ширли Маклейн в драмеди о том, как заслужить хороший некролог",108,https://avatars.mds.yandex.net/get-kinopoisk-image/6201401/f14bc023-3174-460c-a6f0-64183e1019cf/x1000,"драма, комедия",США
"Черная роза — эмблема печали, красная роза — эмблема любви",1989,"Дворянин, диссидент, бунтарка и мачо встречаются в коммуналке. Веселье перестройки в фильме Сергея Соловьева",139,https://avatars.mds.yandex.net/get-kinopoisk-image/1599028/6dd43376-050a-4453-a8d7-876e364b2001/x1000,"мелодрама, комедия",СССР
Куда бы еще вторгнуться?,2015,"Американец «вторгается» в разные страны, чтобы изучить культурные ценности. Документальная сатира Майкла Мура",120,https://avatars.mds.yandex.net/get-kinopoisk-image/1704946/b2f8b400-d3c2-457e-a330-fd6f38fccff7/x1000,"документальный, комедия",США
Парк Юрского периода,1993,Из-за аварии в реликтовом парке динозавры оказываются на воле. Фантастика Стивена Спилберга с тремя «Оскарами»,127,https://avatars.mds.yandex.net/get-kinopoisk-image/1599028/0d072841-8c4d-40ac-82bc-36e743ef49f5/x1000,"приключения, фантастика, семейный",США
Рок,1987,"Явление, противостоящее советской идеологии. Документальное кино Алексея Учителя о жизни русского рока 1980-х",90,https://avatars.mds.yandex.net/get-kinopoisk-image/1704946/105201bb-ccaa-4208-a2b5-ea09ae0e85ca/x1000,"документальный, музыка",СССР
Тень Караваджо,2022,Инквизитору предстоит решить судьбу великого художника-провокатора. Байопик с Луи Гаррелем и Изабель Юппер,120,https://avatars.mds.yandex.net/get-kinopoisk-image/1898899/6a6b093c-e64b-429c-bd6e-0e4395bd98cd/x1000,"биография, история, драма","Италия, Франция"
Ральф Лорен как он есть,2019,"История парня из Бронкса, создавшего многомиллиардную фешен-империю. Подробный док о знаменитом модельере",108,https://avatars.mds.yandex.net/get-kinopoisk-image/1704946/dcfcb1ea-d8fb-401b-922a-2e1f1dff752d/x1000,документальный,США
Немыслимое,2009,"Спецслужбы допрашивают террориста, заложившего бомбы в городах Америки. Майкл Шин в роли одержимого исламиста",97,https://avatars.mds.yandex.net/get-kinopoisk-image/1600647/776a6f21-594a-4a28-9f27-ab51589481c8/x1000,"триллер, драма, криминал",США
Послезавтра,2004,Из-за таяния ледников на Земле начинается хаос. Грандиозный фильм-катастрофа о глобальном потеплении,124,https://avatars.mds.yandex.net/get-kinopoisk-image/1900788/881422db-78bc-40c5-a5e1-e7c3ebbd62d7/x1000,"фантастика, триллер, драма, приключения",США
Дура,2005,Актриса и ее особенная сестра влюбляются в харизматичного писателя. Душевный фильм о родственных чувствах,95,https://avatars.mds.yandex.net/get-kinopoisk-image/1600647/d42a2c34-5c5c-4e0c-84b8-65c1ec850e41/x1000,"драма, комедия",Россия
Беглецы,1986,Грабитель выходит из тюрьмы и попадает в заложники. Трогательно-смешной дуэт Пьера Ришара и Жерара Депардье,95,https://avatars.mds.yandex.net/get-kinopoisk-image/6201401/28dd49c6-bc64-4125-9c9b-6305216cde7b/x1000,"драма, комедия, криминал",Франция
Кто есть кто?,1979,Парижский комиссар приезжает бороться с коррупцией в Ниццу. Хит советского кинопроката с Жан-Полем Бельмондо,107,https://avatars.mds.yandex.net/get-kinopoisk-image/1629390/782cf998-ec90-4ba3-9aa1-d0b2f90b0568/x1000,"боевик, триллер, драма, комедия, криминал",Франция
Спасатель,2006,Опытный спасатель береговой охраны обучает амбициозного юношу. Кевин Костнер в драме о героях мирного времени,139,https://avatars.mds.yandex.net/get-kinopoisk-image/1773646/ced048a3-b3ed-41d1-8de5-f156a35b2239/x1000,"драма, приключения",США
Куда приводят мечты,1998,Крис отправляется за любимой из рая в ад. Мелодрама с Робином Уильямсом и «Оскаром» за спецэффекты,113,https://avatars.mds.yandex.net/get-kinopoisk-image/1704946/10f198ab-016c-46e5-9aa2-40ff78c577c4/x1000,"фэнтези, драма, мелодрама","США, Новая Зеландия"
Петя и волк,1976,Пионер против хищника. Мультфильм познакомит детей со сказкой Сергея Прокофьева и музыкальными инструментами,15,https://avatars.mds.yandex.net/get-kinopoisk-image/4774061/14e6bf57-7f10-4c8e-b988-1021f7038722/x1000,"детский, музыка",СССР
Неукротимая Анжелика,1967,Анжелика отправляется на поиски мужа в опасный морской вояж. Приключенческая мелодрама о самоотверженной любви,95,https://avatars.mds.yandex.net/get-kinopoisk-image/4483445/3f1caed9-14f8-44c5-b0be-4cd212badaa1/x1000,приключения,"Франция, Италия, Германия (ФРГ)"
Ночь живых мертвецов,1968,Группа живых отчаянно пытается спастись от нашествия мертвых. Классический зомби-хоррор Джорджа А. Ромеро,96,https://avatars.mds.yandex.net/get-kinopoisk-image/4303601/98feeb17-dc2c-4c43-8783-f9c2b951e50a/x1000,ужасы,США
Работа без авторства,2018,Художник переезжает в Западную Германию в поисках свободы творчества. Блестящая драма режиссера «Жизни других»,189,https://avatars.mds.yandex.net/get-kinopoisk-image/1629390/5884c004-d733-418e-8e94-d50759eac02e/x1000,"биография, драма, военный, мелодрама","Германия, Италия"
Лермонтов,2014,"От детской колыбели — до роковой дуэли. Реконструкция жизни великого поэта, снятая с неподдельной нежностью",69,https://avatars.mds.yandex.net/get-kinopoisk-image/6201401/12140eb8-48bf-4d11-9641-4fa5c6c6d676/x1000,"драма, биография",Россия
Невероятный мир глазами Энцо,2019,"Трогательная история пса, который любил скорость, рассказанная им самим. Снято по бестселлеру Гарта Стайна",109,https://avatars.mds.yandex.net/get-kinopoisk-image/1946459/ce5118d0-d5bc-4498-8238-336749cff54c/x1000,"драма, мелодрама, комедия, спорт, семейный",США
Искусственный разум,2001,Мальчик-робот хочет стать человеком и вернуть любовь мамы. Фильм Стивена Спилберга по идее Стэнли Кубрика,146,https://avatars.mds.yandex.net/get-kinopoisk-image/6201401/b8ed8871-42b2-4cf3-872a-c2e5c141c7cb/x1000,"фантастика, драма","США, Великобритания"
Клерки,1994,"Простые ребята из Нью-Джерси обсуждают «Звездные войны» и секс. Дебют Кевина Смита, важнейший фильм 1990-х",92,https://avatars.mds.yandex.net/get-kinopoisk-image/1777765/cb253cb5-addb-42e9-b311-0294944e7dd4/x1000,комедия,США
Наркокурьер,2018,"Ветеран войны в Корее начинает работать на картель. Клинт Иствуд — о том, что стало с американской мечтой",116,https://avatars.mds.yandex.net/get-kinopoisk-image/1599028/56557823-02d4-4a9a-9ad0-d46397fb5a69/x1000,"триллер, драма, криминал","США, Канада"
Загадочная история Бенджамина Баттона,2008,"Мужчина родился стариком и начал молодеть. Брэд Питт в эпической драме Дэвида Финчера, получившей три «Оскара»",166,https://avatars.mds.yandex.net/get-kinopoisk-image/1704946/6ffcf4e6-d512-4eac-a404-7344f5371255/x1000,"драма, фэнтези",США
Пи,1997,"Исследователь чисел балансирует между математикой и мистикой. Драматический хоррор, дебют Даррена Аранофски",84,https://avatars.mds.yandex.net/get-kinopoisk-image/6201401/8525e3fb-c0b4-49b0-b3f8-d72d87037f79/x1000,"ужасы, фантастика, триллер, драма, детектив",США
Индокитай,1992,Состоятельная дама и ее приемная дочь влюбляются в молодого офицера. Оскароносная драма с Катрин Денёв,160,https://avatars.mds.yandex.net/get-kinopoisk-image/1629390/cbdb7f3b-7f31-42d4-9a06-afbeea90a2a4/x1000,"драма, мелодрама, военный, история","Франция, Вьетнам, Малайзия"
Своя война. Шторм в пустыне,2021,Бывший военный под видом журналиста едет в Сирию с особой миссией. Режиссерский дебют Алексея Чадова,95,https://avatars.mds.yandex.net/get-kinopoisk-image/4774061/1bcc2b7c-3734-4b34-997a-90ff3c9f26f2/x1000,"военный, драма, триллер, история",Россия
Крепкий орешек,1988,Полицейский в одиночку освобождает захваченный террористами небоскреб. Эталонный боевик с Брюсом Уиллисом,133,https://avatars.mds.yandex.net/get-kinopoisk-image/1704946/f55f782b-2dcd-4e4c-be87-0cc13333f857/x1000,"боевик, триллер, криминал",США
Совокупность лжи,2008,Агент ЦРУ ищет террориста номер один под руководством опытного наставника. Шпионские страсти от Ридли Скотта,128,https://avatars.mds.yandex.net/get-kinopoisk-image/1704946/f9929adb-da22-4038-82ab-f63004818c17/x1000,"боевик, триллер, драма","США, Великобритания"
Паразиты,2019,"Семья бедняков обманом получает работу в доме богачей. Южнокорейская драмеди, которая взяла четыре «Оскара»",131,https://avatars.mds.yandex.net/get-kinopoisk-image/4303601/aae3a928-6465-4bed-9af4-16929a44fd79/x1000,"драма, триллер, комедия",Корея Южная
Не пойман — не вор,2006,Детектив пытается раскрыть идеальное ограбление банка. Дензел Вашингтон в криминальной драме Спайка Ли,129,https://avatars.mds.yandex.net/get-kinopoisk-image/1898899/a586f65d-8046-4ffe-bce3-31d50b7301dd/x1000,"триллер, драма, криминал, детектив",США
Игра на понижение,2015,Сообразительные неудачники решают заработать на финансовом кризисе. Язвительная комедия по реальным событиям,130,https://avatars.mds.yandex.net/get-kinopoisk-image/1599028/7a48d968-4e6a-43b7-95f9-e47e5a9eecc1/x1000,"драма, комедия, биография, история",США
Три тополя на Плющихе,1968,Деревенская женщина приезжает в столицу и знакомится с таксистом. Пронзительно интимное кино Татьяны Лиозновой,79,https://avatars.mds.yandex.net/get-kinopoisk-image/1773646/61de2062-25c9-4a97-b4d2-3d62877309e9/x1000,мелодрама,СССР
Тайна Ладоги. Малютки,2019,"Ладожская флотилия высаживает десант у вражеских берегов. Док о спецоперации 1944 года, переломившей ход войны
",44,https://avatars.mds.yandex.net/get-kinopoisk-image/1946459/b66d4a5b-9435-4886-8703-a848179c6957/x1000,"документальный, история",Россия
Первый мститель: Другая война,2014,Капитан Америка и Черная вдова против террористов «Гидры». Скарлетт Йоханссон в сиквеле истории Стива Роджерса,136,https://avatars.mds.yandex.net/get-kinopoisk-image/1629390/c02ef344-c355-4c77-a28d-e0d7d9a771df/x1000,"фантастика, боевик, триллер, приключения",США
Красотка,1990,Миллионер снял даму полусвета — и влюбился на всю жизнь. Эталонный ромком с Ричардом Гиром и Джулией Робертс,115,https://avatars.mds.yandex.net/get-kinopoisk-image/6201401/e16bb488-b57a-45f4-8566-615a58d8008f/x1000,"мелодрама, комедия",США
Кащей Бессмертный,1944,Богатырь вступает в неравный бой за невесту и родную землю. Георгий Милляр в волшебной сказке Александра Роу,64,https://avatars.mds.yandex.net/get-kinopoisk-image/1704946/0270f3b8-e4ce-466e-a204-851e69e46e67/x1000,"детский, фэнтези",СССР
Солёный пёс,1973,Моряк берет с собой в плавание доверчивого безродного щенка. Драмеди о верной дружбе с Владимиром Меньшовым,74,https://avatars.mds.yandex.net/get-kinopoisk-image/6201401/5d6df0e3-8a47-48fa-8370-f0183947a9a2/x1000,"драма, комедия",СССР
Не хлебом единым,2005,Изобретатель противостоит бюрократии в послевоенном СССР. Драма о преданности идее и самоотверженной любви,112,https://avatars.mds.yandex.net/get-kinopoisk-image/4303601/7aba9690-747f-459e-ba7d-583efaa4001c/x1000,драма,Россия
Артист,2011,В жизнь звезды немого кино врывается прекрасная статистка. Стилизованная мелодрама — триумфатор «Оскара»-2012,96,https://avatars.mds.yandex.net/get-kinopoisk-image/10893610/85ccb993-3fea-4938-b597-ce92d69f983a/x1000,"драма, мелодрама, комедия","Франция, Бельгия"
Ловушка для одинокого мужчины,1990,"Даниэль подозревает, что вернувшаяся после исчезновения жена — самозванка. Комедия с Николаем Караченцовым",92,https://avatars.mds.yandex.net/get-kinopoisk-image/4483445/d40d19b4-8d3a-47fc-9c7f-26398d44d6ae/x1000,"комедия, криминал, детектив",СССР
Шел четвертый год войны...,1983,Разведчики должны определить расположение врага в глухих лесах. Драма о женщине на войне с Людмилой Савельевой,85,https://avatars.mds.yandex.net/get-kinopoisk-image/1773646/f2a9d6b4-4384-4b85-a4b1-3f3eaa833c60/x1000,военный,СССР
Легенда о княгине Ольге,1983,Великая правительница глазами людей из ее окружения. От мастера национального поэтического кино Юрия Ильенко,135,https://avatars.mds.yandex.net/get-kinopoisk-image/1900788/5dd10ec4-782a-4cbc-837f-aaebab16271d/x1000,"драма, история",СССР
